--遗漏统计
SET IDENTITY_INSERT [OmitStatistics] ON
Insert Into [OmitStatistics] ([SysNo],[GameSysNo],[SourceSysNo],[SiteSysNo],[RetNum],[OmitCnt],[MaxOmitCnt],[StandardCnt],[NowPeriodNum]) Values('1','10001','10001','10001','0','0','0','1000','0')
Insert Into [OmitStatistics] ([SysNo],[GameSysNo],[SourceSysNo],[SiteSysNo],[RetNum],[OmitCnt],[MaxOmitCnt],[StandardCnt],[NowPeriodNum]) Values('2','10001','10001','10001','1','0','0','333','0')
Insert Into [OmitStatistics] ([SysNo],[GameSysNo],[SourceSysNo],[SiteSysNo],[RetNum],[OmitCnt],[MaxOmitCnt],[StandardCnt],[NowPeriodNum]) Values('3','10001','10001','10001','2','0','0','166','0')
Insert Into [OmitStatistics] ([SysNo],[GameSysNo],[SourceSysNo],[SiteSysNo],[RetNum],[OmitCnt],[MaxOmitCnt],[StandardCnt],[NowPeriodNum]) Values('4','10001','10001','10001','3','0','0','100','0')
Insert Into [OmitStatistics] ([SysNo],[GameSysNo],[SourceSysNo],[SiteSysNo],[RetNum],[OmitCnt],[MaxOmitCnt],[StandardCnt],[NowPeriodNum]) Values('5','10001','10001','10001','4','0','0','66','0')
Insert Into [OmitStatistics] ([SysNo],[GameSysNo],[SourceSysNo],[SiteSysNo],[RetNum],[OmitCnt],[MaxOmitCnt],[StandardCnt],[NowPeriodNum]) Values('6','10001','10001','10001','5','0','0','48','0')
Insert Into [OmitStatistics] ([SysNo],[GameSysNo],[SourceSysNo],[SiteSysNo],[RetNum],[OmitCnt],[MaxOmitCnt],[StandardCnt],[NowPeriodNum]) Values('7','10001','10001','10001','6','0','0','36','0')
Insert Into [OmitStatistics] ([SysNo],[GameSysNo],[SourceSysNo],[SiteSysNo],[RetNum],[OmitCnt],[MaxOmitCnt],[StandardCnt],[NowPeriodNum]) Values('8','10001','10001','10001','7','0','0','28','0')
Insert Into [OmitStatistics] ([SysNo],[GameSysNo],[SourceSysNo],[SiteSysNo],[RetNum],[OmitCnt],[MaxOmitCnt],[StandardCnt],[NowPeriodNum]) Values('9','10001','10001','10001','8','0','0','22','0')
Insert Into [OmitStatistics] ([SysNo],[GameSysNo],[SourceSysNo],[SiteSysNo],[RetNum],[OmitCnt],[MaxOmitCnt],[StandardCnt],[NowPeriodNum]) Values('10','10001','10001','10001','9','0','0','18','0')
Insert Into [OmitStatistics] ([SysNo],[GameSysNo],[SourceSysNo],[SiteSysNo],[RetNum],[OmitCnt],[MaxOmitCnt],[StandardCnt],[NowPeriodNum]) Values('11','10001','10001','10001','10','0','0','16','0')
Insert Into [OmitStatistics] ([SysNo],[GameSysNo],[SourceSysNo],[SiteSysNo],[RetNum],[OmitCnt],[MaxOmitCnt],[StandardCnt],[NowPeriodNum]) Values('12','10001','10001','10001','11','0','0','15','0')
Insert Into [OmitStatistics] ([SysNo],[GameSysNo],[SourceSysNo],[SiteSysNo],[RetNum],[OmitCnt],[MaxOmitCnt],[StandardCnt],[NowPeriodNum]) Values('13','10001','10001','10001','12','0','0','14','0')
Insert Into [OmitStatistics] ([SysNo],[GameSysNo],[SourceSysNo],[SiteSysNo],[RetNum],[OmitCnt],[MaxOmitCnt],[StandardCnt],[NowPeriodNum]) Values('14','10001','10001','10001','13','0','0','13','0')
Insert Into [OmitStatistics] ([SysNo],[GameSysNo],[SourceSysNo],[SiteSysNo],[RetNum],[OmitCnt],[MaxOmitCnt],[StandardCnt],[NowPeriodNum]) Values('15','10001','10001','10001','14','0','0','13','0')
Insert Into [OmitStatistics] ([SysNo],[GameSysNo],[SourceSysNo],[SiteSysNo],[RetNum],[OmitCnt],[MaxOmitCnt],[StandardCnt],[NowPeriodNum]) Values('16','10001','10001','10001','15','0','0','14','0')
Insert Into [OmitStatistics] ([SysNo],[GameSysNo],[SourceSysNo],[SiteSysNo],[RetNum],[OmitCnt],[MaxOmitCnt],[StandardCnt],[NowPeriodNum]) Values('17','10001','10001','10001','16','0','0','15','0')
Insert Into [OmitStatistics] ([SysNo],[GameSysNo],[SourceSysNo],[SiteSysNo],[RetNum],[OmitCnt],[MaxOmitCnt],[StandardCnt],[NowPeriodNum]) Values('18','10001','10001','10001','17','0','0','16','0')
Insert Into [OmitStatistics] ([SysNo],[GameSysNo],[SourceSysNo],[SiteSysNo],[RetNum],[OmitCnt],[MaxOmitCnt],[StandardCnt],[NowPeriodNum]) Values('19','10001','10001','10001','18','0','0','18','0')
Insert Into [OmitStatistics] ([SysNo],[GameSysNo],[SourceSysNo],[SiteSysNo],[RetNum],[OmitCnt],[MaxOmitCnt],[StandardCnt],[NowPeriodNum]) Values('20','10001','10001','10001','19','0','0','22','0')
Insert Into [OmitStatistics] ([SysNo],[GameSysNo],[SourceSysNo],[SiteSysNo],[RetNum],[OmitCnt],[MaxOmitCnt],[StandardCnt],[NowPeriodNum]) Values('21','10001','10001','10001','20','0','0','28','0')
Insert Into [OmitStatistics] ([SysNo],[GameSysNo],[SourceSysNo],[SiteSysNo],[RetNum],[OmitCnt],[MaxOmitCnt],[StandardCnt],[NowPeriodNum]) Values('22','10001','10001','10001','21','0','0','36','0')
Insert Into [OmitStatistics] ([SysNo],[GameSysNo],[SourceSysNo],[SiteSysNo],[RetNum],[OmitCnt],[MaxOmitCnt],[StandardCnt],[NowPeriodNum]) Values('23','10001','10001','10001','22','0','0','48','0')
Insert Into [OmitStatistics] ([SysNo],[GameSysNo],[SourceSysNo],[SiteSysNo],[RetNum],[OmitCnt],[MaxOmitCnt],[StandardCnt],[NowPeriodNum]) Values('24','10001','10001','10001','23','0','0','66','0')
Insert Into [OmitStatistics] ([SysNo],[GameSysNo],[SourceSysNo],[SiteSysNo],[RetNum],[OmitCnt],[MaxOmitCnt],[StandardCnt],[NowPeriodNum]) Values('25','10001','10001','10001','24','0','0','100','0')
Insert Into [OmitStatistics] ([SysNo],[GameSysNo],[SourceSysNo],[SiteSysNo],[RetNum],[OmitCnt],[MaxOmitCnt],[StandardCnt],[NowPeriodNum]) Values('26','10001','10001','10001','25','0','0','166','0')
Insert Into [OmitStatistics] ([SysNo],[GameSysNo],[SourceSysNo],[SiteSysNo],[RetNum],[OmitCnt],[MaxOmitCnt],[StandardCnt],[NowPeriodNum]) Values('27','10001','10001','10001','26','0','0','333','0')
Insert Into [OmitStatistics] ([SysNo],[GameSysNo],[SourceSysNo],[SiteSysNo],[RetNum],[OmitCnt],[MaxOmitCnt],[StandardCnt],[NowPeriodNum]) Values('28','10001','10001','10001','27','0','0','1000','0')
Insert Into [OmitStatistics] ([SysNo],[GameSysNo],[SourceSysNo],[SiteSysNo],[RetNum],[OmitCnt],[MaxOmitCnt],[StandardCnt],[NowPeriodNum]) Values('29','10001','10001','10002','0','0','0','1000','0')
Insert Into [OmitStatistics] ([SysNo],[GameSysNo],[SourceSysNo],[SiteSysNo],[RetNum],[OmitCnt],[MaxOmitCnt],[StandardCnt],[NowPeriodNum]) Values('30','10001','10001','10002','1','0','0','333','0')
Insert Into [OmitStatistics] ([SysNo],[GameSysNo],[SourceSysNo],[SiteSysNo],[RetNum],[OmitCnt],[MaxOmitCnt],[StandardCnt],[NowPeriodNum]) Values('31','10001','10001','10002','2','0','0','166','0')
Insert Into [OmitStatistics] ([SysNo],[GameSysNo],[SourceSysNo],[SiteSysNo],[RetNum],[OmitCnt],[MaxOmitCnt],[StandardCnt],[NowPeriodNum]) Values('32','10001','10001','10002','3','0','0','100','0')
Insert Into [OmitStatistics] ([SysNo],[GameSysNo],[SourceSysNo],[SiteSysNo],[RetNum],[OmitCnt],[MaxOmitCnt],[StandardCnt],[NowPeriodNum]) Values('33','10001','10001','10002','4','0','0','66','0')
Insert Into [OmitStatistics] ([SysNo],[GameSysNo],[SourceSysNo],[SiteSysNo],[RetNum],[OmitCnt],[MaxOmitCnt],[StandardCnt],[NowPeriodNum]) Values('34','10001','10001','10002','5','0','0','48','0')
Insert Into [OmitStatistics] ([SysNo],[GameSysNo],[SourceSysNo],[SiteSysNo],[RetNum],[OmitCnt],[MaxOmitCnt],[StandardCnt],[NowPeriodNum]) Values('35','10001','10001','10002','6','0','0','36','0')
Insert Into [OmitStatistics] ([SysNo],[GameSysNo],[SourceSysNo],[SiteSysNo],[RetNum],[OmitCnt],[MaxOmitCnt],[StandardCnt],[NowPeriodNum]) Values('36','10001','10001','10002','7','0','0','28','0')
Insert Into [OmitStatistics] ([SysNo],[GameSysNo],[SourceSysNo],[SiteSysNo],[RetNum],[OmitCnt],[MaxOmitCnt],[StandardCnt],[NowPeriodNum]) Values('37','10001','10001','10002','8','0','0','22','0')
Insert Into [OmitStatistics] ([SysNo],[GameSysNo],[SourceSysNo],[SiteSysNo],[RetNum],[OmitCnt],[MaxOmitCnt],[StandardCnt],[NowPeriodNum]) Values('38','10001','10001','10002','9','0','0','18','0')
Insert Into [OmitStatistics] ([SysNo],[GameSysNo],[SourceSysNo],[SiteSysNo],[RetNum],[OmitCnt],[MaxOmitCnt],[StandardCnt],[NowPeriodNum]) Values('39','10001','10001','10002','10','0','0','16','0')
Insert Into [OmitStatistics] ([SysNo],[GameSysNo],[SourceSysNo],[SiteSysNo],[RetNum],[OmitCnt],[MaxOmitCnt],[StandardCnt],[NowPeriodNum]) Values('40','10001','10001','10002','11','0','0','15','0')
Insert Into [OmitStatistics] ([SysNo],[GameSysNo],[SourceSysNo],[SiteSysNo],[RetNum],[OmitCnt],[MaxOmitCnt],[StandardCnt],[NowPeriodNum]) Values('41','10001','10001','10002','12','0','0','14','0')
Insert Into [OmitStatistics] ([SysNo],[GameSysNo],[SourceSysNo],[SiteSysNo],[RetNum],[OmitCnt],[MaxOmitCnt],[StandardCnt],[NowPeriodNum]) Values('42','10001','10001','10002','13','0','0','13','0')
Insert Into [OmitStatistics] ([SysNo],[GameSysNo],[SourceSysNo],[SiteSysNo],[RetNum],[OmitCnt],[MaxOmitCnt],[StandardCnt],[NowPeriodNum]) Values('43','10001','10001','10002','14','0','0','13','0')
Insert Into [OmitStatistics] ([SysNo],[GameSysNo],[SourceSysNo],[SiteSysNo],[RetNum],[OmitCnt],[MaxOmitCnt],[StandardCnt],[NowPeriodNum]) Values('44','10001','10001','10002','15','0','0','14','0')
Insert Into [OmitStatistics] ([SysNo],[GameSysNo],[SourceSysNo],[SiteSysNo],[RetNum],[OmitCnt],[MaxOmitCnt],[StandardCnt],[NowPeriodNum]) Values('45','10001','10001','10002','16','0','0','15','0')
Insert Into [OmitStatistics] ([SysNo],[GameSysNo],[SourceSysNo],[SiteSysNo],[RetNum],[OmitCnt],[MaxOmitCnt],[StandardCnt],[NowPeriodNum]) Values('46','10001','10001','10002','17','0','0','16','0')
Insert Into [OmitStatistics] ([SysNo],[GameSysNo],[SourceSysNo],[SiteSysNo],[RetNum],[OmitCnt],[MaxOmitCnt],[StandardCnt],[NowPeriodNum]) Values('47','10001','10001','10002','18','0','0','18','0')
Insert Into [OmitStatistics] ([SysNo],[GameSysNo],[SourceSysNo],[SiteSysNo],[RetNum],[OmitCnt],[MaxOmitCnt],[StandardCnt],[NowPeriodNum]) Values('48','10001','10001','10002','19','0','0','22','0')
Insert Into [OmitStatistics] ([SysNo],[GameSysNo],[SourceSysNo],[SiteSysNo],[RetNum],[OmitCnt],[MaxOmitCnt],[StandardCnt],[NowPeriodNum]) Values('49','10001','10001','10002','20','0','0','28','0')
Insert Into [OmitStatistics] ([SysNo],[GameSysNo],[SourceSysNo],[SiteSysNo],[RetNum],[OmitCnt],[MaxOmitCnt],[StandardCnt],[NowPeriodNum]) Values('50','10001','10001','10002','21','0','0','36','0')
Insert Into [OmitStatistics] ([SysNo],[GameSysNo],[SourceSysNo],[SiteSysNo],[RetNum],[OmitCnt],[MaxOmitCnt],[StandardCnt],[NowPeriodNum]) Values('51','10001','10001','10002','22','0','0','48','0')
Insert Into [OmitStatistics] ([SysNo],[GameSysNo],[SourceSysNo],[SiteSysNo],[RetNum],[OmitCnt],[MaxOmitCnt],[StandardCnt],[NowPeriodNum]) Values('52','10001','10001','10002','23','0','0','66','0')
Insert Into [OmitStatistics] ([SysNo],[GameSysNo],[SourceSysNo],[SiteSysNo],[RetNum],[OmitCnt],[MaxOmitCnt],[StandardCnt],[NowPeriodNum]) Values('53','10001','10001','10002','24','0','0','100','0')
Insert Into [OmitStatistics] ([SysNo],[GameSysNo],[SourceSysNo],[SiteSysNo],[RetNum],[OmitCnt],[MaxOmitCnt],[StandardCnt],[NowPeriodNum]) Values('54','10001','10001','10002','25','0','0','166','0')
Insert Into [OmitStatistics] ([SysNo],[GameSysNo],[SourceSysNo],[SiteSysNo],[RetNum],[OmitCnt],[MaxOmitCnt],[StandardCnt],[NowPeriodNum]) Values('55','10001','10001','10002','26','0','0','333','0')
Insert Into [OmitStatistics] ([SysNo],[GameSysNo],[SourceSysNo],[SiteSysNo],[RetNum],[OmitCnt],[MaxOmitCnt],[StandardCnt],[NowPeriodNum]) Values('56','10001','10001','10002','27','0','0','1000','0')
Insert Into [OmitStatistics] ([SysNo],[GameSysNo],[SourceSysNo],[SiteSysNo],[RetNum],[OmitCnt],[MaxOmitCnt],[StandardCnt],[NowPeriodNum]) Values('57','10001','10001','10003','0','0','0','1000','0')
Insert Into [OmitStatistics] ([SysNo],[GameSysNo],[SourceSysNo],[SiteSysNo],[RetNum],[OmitCnt],[MaxOmitCnt],[StandardCnt],[NowPeriodNum]) Values('58','10001','10001','10003','1','0','0','333','0')
Insert Into [OmitStatistics] ([SysNo],[GameSysNo],[SourceSysNo],[SiteSysNo],[RetNum],[OmitCnt],[MaxOmitCnt],[StandardCnt],[NowPeriodNum]) Values('59','10001','10001','10003','2','0','0','166','0')
Insert Into [OmitStatistics] ([SysNo],[GameSysNo],[SourceSysNo],[SiteSysNo],[RetNum],[OmitCnt],[MaxOmitCnt],[StandardCnt],[NowPeriodNum]) Values('60','10001','10001','10003','3','0','0','100','0')
Insert Into [OmitStatistics] ([SysNo],[GameSysNo],[SourceSysNo],[SiteSysNo],[RetNum],[OmitCnt],[MaxOmitCnt],[StandardCnt],[NowPeriodNum]) Values('61','10001','10001','10003','4','0','0','66','0')
Insert Into [OmitStatistics] ([SysNo],[GameSysNo],[SourceSysNo],[SiteSysNo],[RetNum],[OmitCnt],[MaxOmitCnt],[StandardCnt],[NowPeriodNum]) Values('62','10001','10001','10003','5','0','0','48','0')
Insert Into [OmitStatistics] ([SysNo],[GameSysNo],[SourceSysNo],[SiteSysNo],[RetNum],[OmitCnt],[MaxOmitCnt],[StandardCnt],[NowPeriodNum]) Values('63','10001','10001','10003','6','0','0','36','0')
Insert Into [OmitStatistics] ([SysNo],[GameSysNo],[SourceSysNo],[SiteSysNo],[RetNum],[OmitCnt],[MaxOmitCnt],[StandardCnt],[NowPeriodNum]) Values('64','10001','10001','10003','7','0','0','28','0')
Insert Into [OmitStatistics] ([SysNo],[GameSysNo],[SourceSysNo],[SiteSysNo],[RetNum],[OmitCnt],[MaxOmitCnt],[StandardCnt],[NowPeriodNum]) Values('65','10001','10001','10003','8','0','0','22','0')
Insert Into [OmitStatistics] ([SysNo],[GameSysNo],[SourceSysNo],[SiteSysNo],[RetNum],[OmitCnt],[MaxOmitCnt],[StandardCnt],[NowPeriodNum]) Values('66','10001','10001','10003','9','0','0','18','0')
Insert Into [OmitStatistics] ([SysNo],[GameSysNo],[SourceSysNo],[SiteSysNo],[RetNum],[OmitCnt],[MaxOmitCnt],[StandardCnt],[NowPeriodNum]) Values('67','10001','10001','10003','10','0','0','16','0')
Insert Into [OmitStatistics] ([SysNo],[GameSysNo],[SourceSysNo],[SiteSysNo],[RetNum],[OmitCnt],[MaxOmitCnt],[StandardCnt],[NowPeriodNum]) Values('68','10001','10001','10003','11','0','0','15','0')
Insert Into [OmitStatistics] ([SysNo],[GameSysNo],[SourceSysNo],[SiteSysNo],[RetNum],[OmitCnt],[MaxOmitCnt],[StandardCnt],[NowPeriodNum]) Values('69','10001','10001','10003','12','0','0','14','0')
Insert Into [OmitStatistics] ([SysNo],[GameSysNo],[SourceSysNo],[SiteSysNo],[RetNum],[OmitCnt],[MaxOmitCnt],[StandardCnt],[NowPeriodNum]) Values('70','10001','10001','10003','13','0','0','13','0')
Insert Into [OmitStatistics] ([SysNo],[GameSysNo],[SourceSysNo],[SiteSysNo],[RetNum],[OmitCnt],[MaxOmitCnt],[StandardCnt],[NowPeriodNum]) Values('71','10001','10001','10003','14','0','0','13','0')
Insert Into [OmitStatistics] ([SysNo],[GameSysNo],[SourceSysNo],[SiteSysNo],[RetNum],[OmitCnt],[MaxOmitCnt],[StandardCnt],[NowPeriodNum]) Values('72','10001','10001','10003','15','0','0','14','0')
Insert Into [OmitStatistics] ([SysNo],[GameSysNo],[SourceSysNo],[SiteSysNo],[RetNum],[OmitCnt],[MaxOmitCnt],[StandardCnt],[NowPeriodNum]) Values('73','10001','10001','10003','16','0','0','15','0')
Insert Into [OmitStatistics] ([SysNo],[GameSysNo],[SourceSysNo],[SiteSysNo],[RetNum],[OmitCnt],[MaxOmitCnt],[StandardCnt],[NowPeriodNum]) Values('74','10001','10001','10003','17','0','0','16','0')
Insert Into [OmitStatistics] ([SysNo],[GameSysNo],[SourceSysNo],[SiteSysNo],[RetNum],[OmitCnt],[MaxOmitCnt],[StandardCnt],[NowPeriodNum]) Values('75','10001','10001','10003','18','0','0','18','0')
Insert Into [OmitStatistics] ([SysNo],[GameSysNo],[SourceSysNo],[SiteSysNo],[RetNum],[OmitCnt],[MaxOmitCnt],[StandardCnt],[NowPeriodNum]) Values('76','10001','10001','10003','19','0','0','22','0')
Insert Into [OmitStatistics] ([SysNo],[GameSysNo],[SourceSysNo],[SiteSysNo],[RetNum],[OmitCnt],[MaxOmitCnt],[StandardCnt],[NowPeriodNum]) Values('77','10001','10001','10003','20','0','0','28','0')
Insert Into [OmitStatistics] ([SysNo],[GameSysNo],[SourceSysNo],[SiteSysNo],[RetNum],[OmitCnt],[MaxOmitCnt],[StandardCnt],[NowPeriodNum]) Values('78','10001','10001','10003','21','0','0','36','0')
Insert Into [OmitStatistics] ([SysNo],[GameSysNo],[SourceSysNo],[SiteSysNo],[RetNum],[OmitCnt],[MaxOmitCnt],[StandardCnt],[NowPeriodNum]) Values('79','10001','10001','10003','22','0','0','48','0')
Insert Into [OmitStatistics] ([SysNo],[GameSysNo],[SourceSysNo],[SiteSysNo],[RetNum],[OmitCnt],[MaxOmitCnt],[StandardCnt],[NowPeriodNum]) Values('80','10001','10001','10003','23','0','0','66','0')
Insert Into [OmitStatistics] ([SysNo],[GameSysNo],[SourceSysNo],[SiteSysNo],[RetNum],[OmitCnt],[MaxOmitCnt],[StandardCnt],[NowPeriodNum]) Values('81','10001','10001','10003','24','0','0','100','0')
Insert Into [OmitStatistics] ([SysNo],[GameSysNo],[SourceSysNo],[SiteSysNo],[RetNum],[OmitCnt],[MaxOmitCnt],[StandardCnt],[NowPeriodNum]) Values('82','10001','10001','10003','25','0','0','166','0')
Insert Into [OmitStatistics] ([SysNo],[GameSysNo],[SourceSysNo],[SiteSysNo],[RetNum],[OmitCnt],[MaxOmitCnt],[StandardCnt],[NowPeriodNum]) Values('83','10001','10001','10003','26','0','0','333','0')
Insert Into [OmitStatistics] ([SysNo],[GameSysNo],[SourceSysNo],[SiteSysNo],[RetNum],[OmitCnt],[MaxOmitCnt],[StandardCnt],[NowPeriodNum]) Values('84','10001','10001','10003','27','0','0','1000','0')
Insert Into [OmitStatistics] ([SysNo],[GameSysNo],[SourceSysNo],[SiteSysNo],[RetNum],[OmitCnt],[MaxOmitCnt],[StandardCnt],[NowPeriodNum]) Values('85','10001','10002','10001','0','0','0','1000','0')
Insert Into [OmitStatistics] ([SysNo],[GameSysNo],[SourceSysNo],[SiteSysNo],[RetNum],[OmitCnt],[MaxOmitCnt],[StandardCnt],[NowPeriodNum]) Values('86','10001','10002','10001','1','0','0','333','0')
Insert Into [OmitStatistics] ([SysNo],[GameSysNo],[SourceSysNo],[SiteSysNo],[RetNum],[OmitCnt],[MaxOmitCnt],[StandardCnt],[NowPeriodNum]) Values('87','10001','10002','10001','2','0','0','166','0')
Insert Into [OmitStatistics] ([SysNo],[GameSysNo],[SourceSysNo],[SiteSysNo],[RetNum],[OmitCnt],[MaxOmitCnt],[StandardCnt],[NowPeriodNum]) Values('88','10001','10002','10001','3','0','0','100','0')
Insert Into [OmitStatistics] ([SysNo],[GameSysNo],[SourceSysNo],[SiteSysNo],[RetNum],[OmitCnt],[MaxOmitCnt],[StandardCnt],[NowPeriodNum]) Values('89','10001','10002','10001','4','0','0','66','0')
Insert Into [OmitStatistics] ([SysNo],[GameSysNo],[SourceSysNo],[SiteSysNo],[RetNum],[OmitCnt],[MaxOmitCnt],[StandardCnt],[NowPeriodNum]) Values('90','10001','10002','10001','5','0','0','48','0')
Insert Into [OmitStatistics] ([SysNo],[GameSysNo],[SourceSysNo],[SiteSysNo],[RetNum],[OmitCnt],[MaxOmitCnt],[StandardCnt],[NowPeriodNum]) Values('91','10001','10002','10001','6','0','0','36','0')
Insert Into [OmitStatistics] ([SysNo],[GameSysNo],[SourceSysNo],[SiteSysNo],[RetNum],[OmitCnt],[MaxOmitCnt],[StandardCnt],[NowPeriodNum]) Values('92','10001','10002','10001','7','0','0','28','0')
Insert Into [OmitStatistics] ([SysNo],[GameSysNo],[SourceSysNo],[SiteSysNo],[RetNum],[OmitCnt],[MaxOmitCnt],[StandardCnt],[NowPeriodNum]) Values('93','10001','10002','10001','8','0','0','22','0')
Insert Into [OmitStatistics] ([SysNo],[GameSysNo],[SourceSysNo],[SiteSysNo],[RetNum],[OmitCnt],[MaxOmitCnt],[StandardCnt],[NowPeriodNum]) Values('94','10001','10002','10001','9','0','0','18','0')
Insert Into [OmitStatistics] ([SysNo],[GameSysNo],[SourceSysNo],[SiteSysNo],[RetNum],[OmitCnt],[MaxOmitCnt],[StandardCnt],[NowPeriodNum]) Values('95','10001','10002','10001','10','0','0','16','0')
Insert Into [OmitStatistics] ([SysNo],[GameSysNo],[SourceSysNo],[SiteSysNo],[RetNum],[OmitCnt],[MaxOmitCnt],[StandardCnt],[NowPeriodNum]) Values('96','10001','10002','10001','11','0','0','15','0')
Insert Into [OmitStatistics] ([SysNo],[GameSysNo],[SourceSysNo],[SiteSysNo],[RetNum],[OmitCnt],[MaxOmitCnt],[StandardCnt],[NowPeriodNum]) Values('97','10001','10002','10001','12','0','0','14','0')
Insert Into [OmitStatistics] ([SysNo],[GameSysNo],[SourceSysNo],[SiteSysNo],[RetNum],[OmitCnt],[MaxOmitCnt],[StandardCnt],[NowPeriodNum]) Values('98','10001','10002','10001','13','0','0','13','0')
Insert Into [OmitStatistics] ([SysNo],[GameSysNo],[SourceSysNo],[SiteSysNo],[RetNum],[OmitCnt],[MaxOmitCnt],[StandardCnt],[NowPeriodNum]) Values('99','10001','10002','10001','14','0','0','13','0')
Insert Into [OmitStatistics] ([SysNo],[GameSysNo],[SourceSysNo],[SiteSysNo],[RetNum],[OmitCnt],[MaxOmitCnt],[StandardCnt],[NowPeriodNum]) Values('100','10001','10002','10001','15','0','0','14','0')
Insert Into [OmitStatistics] ([SysNo],[GameSysNo],[SourceSysNo],[SiteSysNo],[RetNum],[OmitCnt],[MaxOmitCnt],[StandardCnt],[NowPeriodNum]) Values('101','10001','10002','10001','16','0','0','15','0')
Insert Into [OmitStatistics] ([SysNo],[GameSysNo],[SourceSysNo],[SiteSysNo],[RetNum],[OmitCnt],[MaxOmitCnt],[StandardCnt],[NowPeriodNum]) Values('102','10001','10002','10001','17','0','0','16','0')
Insert Into [OmitStatistics] ([SysNo],[GameSysNo],[SourceSysNo],[SiteSysNo],[RetNum],[OmitCnt],[MaxOmitCnt],[StandardCnt],[NowPeriodNum]) Values('103','10001','10002','10001','18','0','0','18','0')
Insert Into [OmitStatistics] ([SysNo],[GameSysNo],[SourceSysNo],[SiteSysNo],[RetNum],[OmitCnt],[MaxOmitCnt],[StandardCnt],[NowPeriodNum]) Values('104','10001','10002','10001','19','0','0','22','0')
Insert Into [OmitStatistics] ([SysNo],[GameSysNo],[SourceSysNo],[SiteSysNo],[RetNum],[OmitCnt],[MaxOmitCnt],[StandardCnt],[NowPeriodNum]) Values('105','10001','10002','10001','20','0','0','28','0')
Insert Into [OmitStatistics] ([SysNo],[GameSysNo],[SourceSysNo],[SiteSysNo],[RetNum],[OmitCnt],[MaxOmitCnt],[StandardCnt],[NowPeriodNum]) Values('106','10001','10002','10001','21','0','0','36','0')
Insert Into [OmitStatistics] ([SysNo],[GameSysNo],[SourceSysNo],[SiteSysNo],[RetNum],[OmitCnt],[MaxOmitCnt],[StandardCnt],[NowPeriodNum]) Values('107','10001','10002','10001','22','0','0','48','0')
Insert Into [OmitStatistics] ([SysNo],[GameSysNo],[SourceSysNo],[SiteSysNo],[RetNum],[OmitCnt],[MaxOmitCnt],[StandardCnt],[NowPeriodNum]) Values('108','10001','10002','10001','23','0','0','66','0')
Insert Into [OmitStatistics] ([SysNo],[GameSysNo],[SourceSysNo],[SiteSysNo],[RetNum],[OmitCnt],[MaxOmitCnt],[StandardCnt],[NowPeriodNum]) Values('109','10001','10002','10001','24','0','0','100','0')
Insert Into [OmitStatistics] ([SysNo],[GameSysNo],[SourceSysNo],[SiteSysNo],[RetNum],[OmitCnt],[MaxOmitCnt],[StandardCnt],[NowPeriodNum]) Values('110','10001','10002','10001','25','0','0','166','0')
Insert Into [OmitStatistics] ([SysNo],[GameSysNo],[SourceSysNo],[SiteSysNo],[RetNum],[OmitCnt],[MaxOmitCnt],[StandardCnt],[NowPeriodNum]) Values('111','10001','10002','10001','26','0','0','333','0')
Insert Into [OmitStatistics] ([SysNo],[GameSysNo],[SourceSysNo],[SiteSysNo],[RetNum],[OmitCnt],[MaxOmitCnt],[StandardCnt],[NowPeriodNum]) Values('112','10001','10002','10001','27','0','0','1000','0')
Insert Into [OmitStatistics] ([SysNo],[GameSysNo],[SourceSysNo],[SiteSysNo],[RetNum],[OmitCnt],[MaxOmitCnt],[StandardCnt],[NowPeriodNum]) Values('113','10001','10002','10002','0','0','0','1000','0')
Insert Into [OmitStatistics] ([SysNo],[GameSysNo],[SourceSysNo],[SiteSysNo],[RetNum],[OmitCnt],[MaxOmitCnt],[StandardCnt],[NowPeriodNum]) Values('114','10001','10002','10002','1','0','0','333','0')
Insert Into [OmitStatistics] ([SysNo],[GameSysNo],[SourceSysNo],[SiteSysNo],[RetNum],[OmitCnt],[MaxOmitCnt],[StandardCnt],[NowPeriodNum]) Values('115','10001','10002','10002','2','0','0','166','0')
Insert Into [OmitStatistics] ([SysNo],[GameSysNo],[SourceSysNo],[SiteSysNo],[RetNum],[OmitCnt],[MaxOmitCnt],[StandardCnt],[NowPeriodNum]) Values('116','10001','10002','10002','3','0','0','100','0')
Insert Into [OmitStatistics] ([SysNo],[GameSysNo],[SourceSysNo],[SiteSysNo],[RetNum],[OmitCnt],[MaxOmitCnt],[StandardCnt],[NowPeriodNum]) Values('117','10001','10002','10002','4','0','0','66','0')
Insert Into [OmitStatistics] ([SysNo],[GameSysNo],[SourceSysNo],[SiteSysNo],[RetNum],[OmitCnt],[MaxOmitCnt],[StandardCnt],[NowPeriodNum]) Values('118','10001','10002','10002','5','0','0','48','0')
Insert Into [OmitStatistics] ([SysNo],[GameSysNo],[SourceSysNo],[SiteSysNo],[RetNum],[OmitCnt],[MaxOmitCnt],[StandardCnt],[NowPeriodNum]) Values('119','10001','10002','10002','6','0','0','36','0')
Insert Into [OmitStatistics] ([SysNo],[GameSysNo],[SourceSysNo],[SiteSysNo],[RetNum],[OmitCnt],[MaxOmitCnt],[StandardCnt],[NowPeriodNum]) Values('120','10001','10002','10002','7','0','0','28','0')
Insert Into [OmitStatistics] ([SysNo],[GameSysNo],[SourceSysNo],[SiteSysNo],[RetNum],[OmitCnt],[MaxOmitCnt],[StandardCnt],[NowPeriodNum]) Values('121','10001','10002','10002','8','0','0','22','0')
Insert Into [OmitStatistics] ([SysNo],[GameSysNo],[SourceSysNo],[SiteSysNo],[RetNum],[OmitCnt],[MaxOmitCnt],[StandardCnt],[NowPeriodNum]) Values('122','10001','10002','10002','9','0','0','18','0')
Insert Into [OmitStatistics] ([SysNo],[GameSysNo],[SourceSysNo],[SiteSysNo],[RetNum],[OmitCnt],[MaxOmitCnt],[StandardCnt],[NowPeriodNum]) Values('123','10001','10002','10002','10','0','0','16','0')
Insert Into [OmitStatistics] ([SysNo],[GameSysNo],[SourceSysNo],[SiteSysNo],[RetNum],[OmitCnt],[MaxOmitCnt],[StandardCnt],[NowPeriodNum]) Values('124','10001','10002','10002','11','0','0','15','0')
Insert Into [OmitStatistics] ([SysNo],[GameSysNo],[SourceSysNo],[SiteSysNo],[RetNum],[OmitCnt],[MaxOmitCnt],[StandardCnt],[NowPeriodNum]) Values('125','10001','10002','10002','12','0','0','14','0')
Insert Into [OmitStatistics] ([SysNo],[GameSysNo],[SourceSysNo],[SiteSysNo],[RetNum],[OmitCnt],[MaxOmitCnt],[StandardCnt],[NowPeriodNum]) Values('126','10001','10002','10002','13','0','0','13','0')
Insert Into [OmitStatistics] ([SysNo],[GameSysNo],[SourceSysNo],[SiteSysNo],[RetNum],[OmitCnt],[MaxOmitCnt],[StandardCnt],[NowPeriodNum]) Values('127','10001','10002','10002','14','0','0','13','0')
Insert Into [OmitStatistics] ([SysNo],[GameSysNo],[SourceSysNo],[SiteSysNo],[RetNum],[OmitCnt],[MaxOmitCnt],[StandardCnt],[NowPeriodNum]) Values('128','10001','10002','10002','15','0','0','14','0')
Insert Into [OmitStatistics] ([SysNo],[GameSysNo],[SourceSysNo],[SiteSysNo],[RetNum],[OmitCnt],[MaxOmitCnt],[StandardCnt],[NowPeriodNum]) Values('129','10001','10002','10002','16','0','0','15','0')
Insert Into [OmitStatistics] ([SysNo],[GameSysNo],[SourceSysNo],[SiteSysNo],[RetNum],[OmitCnt],[MaxOmitCnt],[StandardCnt],[NowPeriodNum]) Values('130','10001','10002','10002','17','0','0','16','0')
Insert Into [OmitStatistics] ([SysNo],[GameSysNo],[SourceSysNo],[SiteSysNo],[RetNum],[OmitCnt],[MaxOmitCnt],[StandardCnt],[NowPeriodNum]) Values('131','10001','10002','10002','18','0','0','18','0')
Insert Into [OmitStatistics] ([SysNo],[GameSysNo],[SourceSysNo],[SiteSysNo],[RetNum],[OmitCnt],[MaxOmitCnt],[StandardCnt],[NowPeriodNum]) Values('132','10001','10002','10002','19','0','0','22','0')
Insert Into [OmitStatistics] ([SysNo],[GameSysNo],[SourceSysNo],[SiteSysNo],[RetNum],[OmitCnt],[MaxOmitCnt],[StandardCnt],[NowPeriodNum]) Values('133','10001','10002','10002','20','0','0','28','0')
Insert Into [OmitStatistics] ([SysNo],[GameSysNo],[SourceSysNo],[SiteSysNo],[RetNum],[OmitCnt],[MaxOmitCnt],[StandardCnt],[NowPeriodNum]) Values('134','10001','10002','10002','21','0','0','36','0')
Insert Into [OmitStatistics] ([SysNo],[GameSysNo],[SourceSysNo],[SiteSysNo],[RetNum],[OmitCnt],[MaxOmitCnt],[StandardCnt],[NowPeriodNum]) Values('135','10001','10002','10002','22','0','0','48','0')
Insert Into [OmitStatistics] ([SysNo],[GameSysNo],[SourceSysNo],[SiteSysNo],[RetNum],[OmitCnt],[MaxOmitCnt],[StandardCnt],[NowPeriodNum]) Values('136','10001','10002','10002','23','0','0','66','0')
Insert Into [OmitStatistics] ([SysNo],[GameSysNo],[SourceSysNo],[SiteSysNo],[RetNum],[OmitCnt],[MaxOmitCnt],[StandardCnt],[NowPeriodNum]) Values('137','10001','10002','10002','24','0','0','100','0')
Insert Into [OmitStatistics] ([SysNo],[GameSysNo],[SourceSysNo],[SiteSysNo],[RetNum],[OmitCnt],[MaxOmitCnt],[StandardCnt],[NowPeriodNum]) Values('138','10001','10002','10002','25','0','0','166','0')
Insert Into [OmitStatistics] ([SysNo],[GameSysNo],[SourceSysNo],[SiteSysNo],[RetNum],[OmitCnt],[MaxOmitCnt],[StandardCnt],[NowPeriodNum]) Values('139','10001','10002','10002','26','0','0','333','0')
Insert Into [OmitStatistics] ([SysNo],[GameSysNo],[SourceSysNo],[SiteSysNo],[RetNum],[OmitCnt],[MaxOmitCnt],[StandardCnt],[NowPeriodNum]) Values('140','10001','10002','10002','27','0','0','1000','0')
Insert Into [OmitStatistics] ([SysNo],[GameSysNo],[SourceSysNo],[SiteSysNo],[RetNum],[OmitCnt],[MaxOmitCnt],[StandardCnt],[NowPeriodNum]) Values('141','10001','10002','10003','0','0','0','1000','0')
Insert Into [OmitStatistics] ([SysNo],[GameSysNo],[SourceSysNo],[SiteSysNo],[RetNum],[OmitCnt],[MaxOmitCnt],[StandardCnt],[NowPeriodNum]) Values('142','10001','10002','10003','1','0','0','333','0')
Insert Into [OmitStatistics] ([SysNo],[GameSysNo],[SourceSysNo],[SiteSysNo],[RetNum],[OmitCnt],[MaxOmitCnt],[StandardCnt],[NowPeriodNum]) Values('143','10001','10002','10003','2','0','0','166','0')
Insert Into [OmitStatistics] ([SysNo],[GameSysNo],[SourceSysNo],[SiteSysNo],[RetNum],[OmitCnt],[MaxOmitCnt],[StandardCnt],[NowPeriodNum]) Values('144','10001','10002','10003','3','0','0','100','0')
Insert Into [OmitStatistics] ([SysNo],[GameSysNo],[SourceSysNo],[SiteSysNo],[RetNum],[OmitCnt],[MaxOmitCnt],[StandardCnt],[NowPeriodNum]) Values('145','10001','10002','10003','4','0','0','66','0')
Insert Into [OmitStatistics] ([SysNo],[GameSysNo],[SourceSysNo],[SiteSysNo],[RetNum],[OmitCnt],[MaxOmitCnt],[StandardCnt],[NowPeriodNum]) Values('146','10001','10002','10003','5','0','0','48','0')
Insert Into [OmitStatistics] ([SysNo],[GameSysNo],[SourceSysNo],[SiteSysNo],[RetNum],[OmitCnt],[MaxOmitCnt],[StandardCnt],[NowPeriodNum]) Values('147','10001','10002','10003','6','0','0','36','0')
Insert Into [OmitStatistics] ([SysNo],[GameSysNo],[SourceSysNo],[SiteSysNo],[RetNum],[OmitCnt],[MaxOmitCnt],[StandardCnt],[NowPeriodNum]) Values('148','10001','10002','10003','7','0','0','28','0')
Insert Into [OmitStatistics] ([SysNo],[GameSysNo],[SourceSysNo],[SiteSysNo],[RetNum],[OmitCnt],[MaxOmitCnt],[StandardCnt],[NowPeriodNum]) Values('149','10001','10002','10003','8','0','0','22','0')
Insert Into [OmitStatistics] ([SysNo],[GameSysNo],[SourceSysNo],[SiteSysNo],[RetNum],[OmitCnt],[MaxOmitCnt],[StandardCnt],[NowPeriodNum]) Values('150','10001','10002','10003','9','0','0','18','0')
Insert Into [OmitStatistics] ([SysNo],[GameSysNo],[SourceSysNo],[SiteSysNo],[RetNum],[OmitCnt],[MaxOmitCnt],[StandardCnt],[NowPeriodNum]) Values('151','10001','10002','10003','10','0','0','16','0')
Insert Into [OmitStatistics] ([SysNo],[GameSysNo],[SourceSysNo],[SiteSysNo],[RetNum],[OmitCnt],[MaxOmitCnt],[StandardCnt],[NowPeriodNum]) Values('152','10001','10002','10003','11','0','0','15','0')
Insert Into [OmitStatistics] ([SysNo],[GameSysNo],[SourceSysNo],[SiteSysNo],[RetNum],[OmitCnt],[MaxOmitCnt],[StandardCnt],[NowPeriodNum]) Values('153','10001','10002','10003','12','0','0','14','0')
Insert Into [OmitStatistics] ([SysNo],[GameSysNo],[SourceSysNo],[SiteSysNo],[RetNum],[OmitCnt],[MaxOmitCnt],[StandardCnt],[NowPeriodNum]) Values('154','10001','10002','10003','13','0','0','13','0')
Insert Into [OmitStatistics] ([SysNo],[GameSysNo],[SourceSysNo],[SiteSysNo],[RetNum],[OmitCnt],[MaxOmitCnt],[StandardCnt],[NowPeriodNum]) Values('155','10001','10002','10003','14','0','0','13','0')
Insert Into [OmitStatistics] ([SysNo],[GameSysNo],[SourceSysNo],[SiteSysNo],[RetNum],[OmitCnt],[MaxOmitCnt],[StandardCnt],[NowPeriodNum]) Values('156','10001','10002','10003','15','0','0','14','0')
Insert Into [OmitStatistics] ([SysNo],[GameSysNo],[SourceSysNo],[SiteSysNo],[RetNum],[OmitCnt],[MaxOmitCnt],[StandardCnt],[NowPeriodNum]) Values('157','10001','10002','10003','16','0','0','15','0')
Insert Into [OmitStatistics] ([SysNo],[GameSysNo],[SourceSysNo],[SiteSysNo],[RetNum],[OmitCnt],[MaxOmitCnt],[StandardCnt],[NowPeriodNum]) Values('158','10001','10002','10003','17','0','0','16','0')
Insert Into [OmitStatistics] ([SysNo],[GameSysNo],[SourceSysNo],[SiteSysNo],[RetNum],[OmitCnt],[MaxOmitCnt],[StandardCnt],[NowPeriodNum]) Values('159','10001','10002','10003','18','0','0','18','0')
Insert Into [OmitStatistics] ([SysNo],[GameSysNo],[SourceSysNo],[SiteSysNo],[RetNum],[OmitCnt],[MaxOmitCnt],[StandardCnt],[NowPeriodNum]) Values('160','10001','10002','10003','19','0','0','22','0')
Insert Into [OmitStatistics] ([SysNo],[GameSysNo],[SourceSysNo],[SiteSysNo],[RetNum],[OmitCnt],[MaxOmitCnt],[StandardCnt],[NowPeriodNum]) Values('161','10001','10002','10003','20','0','0','28','0')
Insert Into [OmitStatistics] ([SysNo],[GameSysNo],[SourceSysNo],[SiteSysNo],[RetNum],[OmitCnt],[MaxOmitCnt],[StandardCnt],[NowPeriodNum]) Values('162','10001','10002','10003','21','0','0','36','0')
Insert Into [OmitStatistics] ([SysNo],[GameSysNo],[SourceSysNo],[SiteSysNo],[RetNum],[OmitCnt],[MaxOmitCnt],[StandardCnt],[NowPeriodNum]) Values('163','10001','10002','10003','22','0','0','48','0')
Insert Into [OmitStatistics] ([SysNo],[GameSysNo],[SourceSysNo],[SiteSysNo],[RetNum],[OmitCnt],[MaxOmitCnt],[StandardCnt],[NowPeriodNum]) Values('164','10001','10002','10003','23','0','0','66','0')
Insert Into [OmitStatistics] ([SysNo],[GameSysNo],[SourceSysNo],[SiteSysNo],[RetNum],[OmitCnt],[MaxOmitCnt],[StandardCnt],[NowPeriodNum]) Values('165','10001','10002','10003','24','0','0','100','0')
Insert Into [OmitStatistics] ([SysNo],[GameSysNo],[SourceSysNo],[SiteSysNo],[RetNum],[OmitCnt],[MaxOmitCnt],[StandardCnt],[NowPeriodNum]) Values('166','10001','10002','10003','25','0','0','166','0')
Insert Into [OmitStatistics] ([SysNo],[GameSysNo],[SourceSysNo],[SiteSysNo],[RetNum],[OmitCnt],[MaxOmitCnt],[StandardCnt],[NowPeriodNum]) Values('167','10001','10002','10003','26','0','0','333','0')
Insert Into [OmitStatistics] ([SysNo],[GameSysNo],[SourceSysNo],[SiteSysNo],[RetNum],[OmitCnt],[MaxOmitCnt],[StandardCnt],[NowPeriodNum]) Values('168','10001','10002','10003','27','0','0','1000','0')
SET IDENTITY_INSERT [OmitStatistics] OFF


--充值卡类型
Insert Into [PayCardCategory] ([SysNo],[CategoryName]) Values('1','天')
Insert Into [PayCardCategory] ([SysNo],[CategoryName]) Values('2','月')


--提醒刷新标志
SET IDENTITY_INSERT [RemindRefreshTag] ON
Insert Into [RemindRefreshTag] ([SysNo],[GameSysNo],[SourceSysNo],[SiteSysNo],[NowperiodNum]) Values('1','10001','10001','10001','0')
Insert Into [RemindRefreshTag] ([SysNo],[GameSysNo],[SourceSysNo],[SiteSysNo],[NowperiodNum]) Values('2','10001','10001','10002','0')
Insert Into [RemindRefreshTag] ([SysNo],[GameSysNo],[SourceSysNo],[SiteSysNo],[NowperiodNum]) Values('3','10001','10001','10003','0')
Insert Into [RemindRefreshTag] ([SysNo],[GameSysNo],[SourceSysNo],[SiteSysNo],[NowperiodNum]) Values('4','10001','10002','10001','0')
Insert Into [RemindRefreshTag] ([SysNo],[GameSysNo],[SourceSysNo],[SiteSysNo],[NowperiodNum]) Values('5','10001','10002','10002','0')
Insert Into [RemindRefreshTag] ([SysNo],[GameSysNo],[SourceSysNo],[SiteSysNo],[NowperiodNum]) Values('6','10001','10002','10003','0')
SET IDENTITY_INSERT [RemindRefreshTag] OFF


--28结果类型
Insert Into [ResultCategory_28] ([RetNum],[BigOrSmall],[MiddleOrSide],[OddOrDual],[MantissaBigOrSmall],[ThreeRemainder],[FourRemainder],[FiveRemainder]) Values('0','小','边','双','小','0','0','0')
Insert Into [ResultCategory_28] ([RetNum],[BigOrSmall],[MiddleOrSide],[OddOrDual],[MantissaBigOrSmall],[ThreeRemainder],[FourRemainder],[FiveRemainder]) Values('1','小','边','单','小','1','1','1')
Insert Into [ResultCategory_28] ([RetNum],[BigOrSmall],[MiddleOrSide],[OddOrDual],[MantissaBigOrSmall],[ThreeRemainder],[FourRemainder],[FiveRemainder]) Values('2','小','边','双','小','2','2','2')
Insert Into [ResultCategory_28] ([RetNum],[BigOrSmall],[MiddleOrSide],[OddOrDual],[MantissaBigOrSmall],[ThreeRemainder],[FourRemainder],[FiveRemainder]) Values('3','小','边','单','小','0','3','3')
Insert Into [ResultCategory_28] ([RetNum],[BigOrSmall],[MiddleOrSide],[OddOrDual],[MantissaBigOrSmall],[ThreeRemainder],[FourRemainder],[FiveRemainder]) Values('4','小','边','双','小','1','0','4')
Insert Into [ResultCategory_28] ([RetNum],[BigOrSmall],[MiddleOrSide],[OddOrDual],[MantissaBigOrSmall],[ThreeRemainder],[FourRemainder],[FiveRemainder]) Values('5','小','边','单','大','2','1','0')
Insert Into [ResultCategory_28] ([RetNum],[BigOrSmall],[MiddleOrSide],[OddOrDual],[MantissaBigOrSmall],[ThreeRemainder],[FourRemainder],[FiveRemainder]) Values('6','小','边','双','大','0','2','1')
Insert Into [ResultCategory_28] ([RetNum],[BigOrSmall],[MiddleOrSide],[OddOrDual],[MantissaBigOrSmall],[ThreeRemainder],[FourRemainder],[FiveRemainder]) Values('7','小','边','单','大','1','3','2')
Insert Into [ResultCategory_28] ([RetNum],[BigOrSmall],[MiddleOrSide],[OddOrDual],[MantissaBigOrSmall],[ThreeRemainder],[FourRemainder],[FiveRemainder]) Values('8','小','边','双','大','2','0','3')
Insert Into [ResultCategory_28] ([RetNum],[BigOrSmall],[MiddleOrSide],[OddOrDual],[MantissaBigOrSmall],[ThreeRemainder],[FourRemainder],[FiveRemainder]) Values('9','小','边','单','大','0','1','4')
Insert Into [ResultCategory_28] ([RetNum],[BigOrSmall],[MiddleOrSide],[OddOrDual],[MantissaBigOrSmall],[ThreeRemainder],[FourRemainder],[FiveRemainder]) Values('10','小','中','双','小','1','2','0')
Insert Into [ResultCategory_28] ([RetNum],[BigOrSmall],[MiddleOrSide],[OddOrDual],[MantissaBigOrSmall],[ThreeRemainder],[FourRemainder],[FiveRemainder]) Values('11','小','中','单','小','2','3','1')
Insert Into [ResultCategory_28] ([RetNum],[BigOrSmall],[MiddleOrSide],[OddOrDual],[MantissaBigOrSmall],[ThreeRemainder],[FourRemainder],[FiveRemainder]) Values('12','小','中','双','小','0','0','2')
Insert Into [ResultCategory_28] ([RetNum],[BigOrSmall],[MiddleOrSide],[OddOrDual],[MantissaBigOrSmall],[ThreeRemainder],[FourRemainder],[FiveRemainder]) Values('13','小','中','单','小','1','1','3')
Insert Into [ResultCategory_28] ([RetNum],[BigOrSmall],[MiddleOrSide],[OddOrDual],[MantissaBigOrSmall],[ThreeRemainder],[FourRemainder],[FiveRemainder]) Values('14','大','中','双','小','2','2','4')
Insert Into [ResultCategory_28] ([RetNum],[BigOrSmall],[MiddleOrSide],[OddOrDual],[MantissaBigOrSmall],[ThreeRemainder],[FourRemainder],[FiveRemainder]) Values('15','大','中','单','大','0','3','0')
Insert Into [ResultCategory_28] ([RetNum],[BigOrSmall],[MiddleOrSide],[OddOrDual],[MantissaBigOrSmall],[ThreeRemainder],[FourRemainder],[FiveRemainder]) Values('16','大','中','双','大','1','0','1')
Insert Into [ResultCategory_28] ([RetNum],[BigOrSmall],[MiddleOrSide],[OddOrDual],[MantissaBigOrSmall],[ThreeRemainder],[FourRemainder],[FiveRemainder]) Values('17','大','中','单','大','2','1','2')
Insert Into [ResultCategory_28] ([RetNum],[BigOrSmall],[MiddleOrSide],[OddOrDual],[MantissaBigOrSmall],[ThreeRemainder],[FourRemainder],[FiveRemainder]) Values('18','大','边','双','大','0','2','3')
Insert Into [ResultCategory_28] ([RetNum],[BigOrSmall],[MiddleOrSide],[OddOrDual],[MantissaBigOrSmall],[ThreeRemainder],[FourRemainder],[FiveRemainder]) Values('19','大','边','单','大','1','3','4')
Insert Into [ResultCategory_28] ([RetNum],[BigOrSmall],[MiddleOrSide],[OddOrDual],[MantissaBigOrSmall],[ThreeRemainder],[FourRemainder],[FiveRemainder]) Values('20','大','边','双','小','2','0','0')
Insert Into [ResultCategory_28] ([RetNum],[BigOrSmall],[MiddleOrSide],[OddOrDual],[MantissaBigOrSmall],[ThreeRemainder],[FourRemainder],[FiveRemainder]) Values('21','大','边','单','小','0','1','1')
Insert Into [ResultCategory_28] ([RetNum],[BigOrSmall],[MiddleOrSide],[OddOrDual],[MantissaBigOrSmall],[ThreeRemainder],[FourRemainder],[FiveRemainder]) Values('22','大','边','双','小','1','2','2')
Insert Into [ResultCategory_28] ([RetNum],[BigOrSmall],[MiddleOrSide],[OddOrDual],[MantissaBigOrSmall],[ThreeRemainder],[FourRemainder],[FiveRemainder]) Values('23','大','边','单','小','2','3','3')
Insert Into [ResultCategory_28] ([RetNum],[BigOrSmall],[MiddleOrSide],[OddOrDual],[MantissaBigOrSmall],[ThreeRemainder],[FourRemainder],[FiveRemainder]) Values('24','大','边','双','小','0','0','4')
Insert Into [ResultCategory_28] ([RetNum],[BigOrSmall],[MiddleOrSide],[OddOrDual],[MantissaBigOrSmall],[ThreeRemainder],[FourRemainder],[FiveRemainder]) Values('25','大','边','单','大','1','1','0')
Insert Into [ResultCategory_28] ([RetNum],[BigOrSmall],[MiddleOrSide],[OddOrDual],[MantissaBigOrSmall],[ThreeRemainder],[FourRemainder],[FiveRemainder]) Values('26','大','边','双','大','2','2','1')
Insert Into [ResultCategory_28] ([RetNum],[BigOrSmall],[MiddleOrSide],[OddOrDual],[MantissaBigOrSmall],[ThreeRemainder],[FourRemainder],[FiveRemainder]) Values('27','大','边','单','大','0','3','2')


--使用的游戏
Insert Into [UseGame] ([SysNo],[GameName]) Values('10001','28游戏')


--使用的网站
Insert Into [UseSite] ([SysNo],[SiteName],[Comment]) Values('10001','53游','龙虎')
Insert Into [UseSite] ([SysNo],[SiteName],[Comment]) Values('10002','71豆','')
Insert Into [UseSite] ([SysNo],[SiteName],[Comment]) Values('10003','芝麻西西','')


--使用的数据源
Insert Into [UseSource] ([SysNo],[SourceName]) Values('10001','北京')
Insert Into [UseSource] ([SysNo],[SourceName]) Values('10002','加拿大')